[{"_id":{"$oid":"66220e6d7f2e4e11c78c8ada"},"checked":false,"custname":"CURA Healthcare_lnk","height":55,"hiddentag":"No","hide":false,"identifier":[{"id":1,"identifier":"xpath"},{"id":2,"identifier":"id"},{"id":3,"identifier":"rxpath"},{"id":4,"identifier":"name"},{"id":5,"identifier":"classname"},{"id":6,"identifier":"cssselector"},{"id":7,"identifier":"href"},{"id":8,"identifier":"label"}],"isCustom":false,"left":1013,"objIdx":2,"parent":[{"$oid":"66220e6d7f2e4e11c78c8ace"}],"tag":"a","title":"CURA Healthcare_lnk","top":0,"url":"https://katalon-demo-cura.herokuapp.com/","val":"71c5bf24-ef31-4f1e-8713-cebec652ede2","width":250,"xpath":"/html/body/nav/ul/li[1]/a;null;//*[@id=\"sidebar-wrapper\"]/ul/li[1]/a;null;a[2];null;1013;0;55;250;CURA Healthcare;./;li[class=\"sidebar-brand\"] a[href=\"./\"];null;a"},{"_id":{"$oid":"66220e6d7f2e4e11c78c8adb"},"checked":false,"custname":"Home_lnk","height":40,"hiddentag":"No","hide":false,"identifier":[{"id":1,"identifier":"xpath"},{"id":2,"identifier":"id"},{"id":3,"identifier":"rxpath"},{"id":4,"identifier":"name"},{"id":5,"identifier":"classname"},{"id":6,"identifier":"cssselector"},{"id":7,"identifier":"href"},{"id":8,"identifier":"label"}],"isCustom":false,"left":1013,"objIdx":3,"parent":[{"$oid":"66220e6d7f2e4e11c78c8ace"}],"tag":"a","title":"Home_lnk","top":55,"url":"https://katalon-demo-cura.herokuapp.com/","val":"0767bcdc-7060-40df-ab31-04adfc093e69","width":250,"xpath":"/html/body/nav/ul/li[2]/a;null;//*[@id=\"sidebar-wrapper\"]/ul/li[2]/a;null;a[3];null;1013;55;40;250;Home;./;li:nth-child(3) a[href=\"./\"];null;a"},{"_id":{"$oid":"66220e6d7f2e4e11c78c8adc"},"checked":false,"custname":"Login_lnk","height":40,"hiddentag":"No","hide":false,"identifier":[{"id":1,"identifier":"xpath"},{"id":2,"identifier":"id"},{"id":3,"identifier":"rxpath"},{"id":4,"identifier":"name"},{"id":5,"identifier":"classname"},{"id":6,"identifier":"cssselector"},{"id":7,"identifier":"href"},{"id":8,"identifier":"label"}],"isCustom":false,"left":1013,"objIdx":4,"parent":[{"$oid":"66220e6d7f2e4e11c78c8ace"}],"tag":"a","title":"Login_lnk","top":95,"url":"https://katalon-demo-cura.herokuapp.com/","val":"f458c984-262d-477c-a224-c83c0977fbd4","width":250,"xpath":"/html/body/nav/ul/li[3]/a;null;//*[@id=\"sidebar-wrapper\"]/ul/li[3]/a;null;a[4];null;1013;95;40;250;Login;profile.php#login;a[href=\"profile.php#login\"];null;a"},{"_id":{"$oid":"66220e6d7f2e4e11c78c8add"},"checked":false,"custname":"menu-close_lnk","height":45,"hiddentag":"No","hide":false,"identifier":[{"id":1,"identifier":"xpath"},{"id":2,"identifier":"id"},{"id":3,"identifier":"rxpath"},{"id":4,"identifier":"name"},{"id":5,"identifier":"classname"},{"id":6,"identifier":"cssselector"},{"id":7,"identifier":"href"},{"id":8,"identifier":"label"}],"isCustom":false,"left":1211,"objIdx":1,"parent":[{"$oid":"66220e6d7f2e4e11c78c8ace"}],"tag":"a","title":"menu-close_lnk","top":5,"url":"https://katalon-demo-cura.herokuapp.com/","val":"4cdc2323-8cb4-4186-95a4-6d1ff61d9abd","width":47,"xpath":"/html/body/nav/ul/a;menu-close;//*[@id=\"menu-close\"];null;a[1];btn btn-light btn-lg pull-right toggle;1211;5;45;47;;#;a[id=\"menu-close\"];null;a"},{"_id":{"$oid":"66220e6d7f2e4e11c78c8ade"},"checked":false,"custname":"info@katalon.com_lnk","height":18,"hiddentag":"No","hide":false,"identifier":[{"id":1,"identifier":"xpath"},{"id":2,"identifier":"id"},{"id":3,"identifier":"rxpath"},{"id":4,"identifier":"name"},{"id":5,"identifier":"classname"},{"id":6,"identifier":"cssselector"},{"id":7,"identifier":"href"},{"id":8,"identifier":"label"}],"isCustom":false,"left":588,"objIdx":5,"parent":[{"$oid":"66220e6d7f2e4e11c78c8ace"}],"tag":"a","title":"info@katalon.com_lnk","top":710,"url":"https://katalon-demo-cura.herokuapp.com/","val":"72f9aae0-5659-459a-bff5-6430bc73c7ff","width":107,"xpath":"/html/body/footer/div/div/div/ul[1]/li[2]/a;null;/html/body/footer/div/div/div/ul[1]/li[2]/a;null;a[6];null;588;710;18;107;info@katalon.com;mailto:info@katalon.com;a[href=\"mailto:info@katalon.com\"];null;a"},{"_id":{"$oid":"66220e6d7f2e4e11c78c8adf"},"checked":false,"custname":"a_NONAME8_lnk","height":18,"hiddentag":"No","hide":false,"identifier":[{"id":1,"identifier":"xpath"},{"id":2,"identifier":"id"},{"id":3,"identifier":"rxpath"},{"id":4,"identifier":"name"},{"id":5,"identifier":"classname"},{"id":6,"identifier":"cssselector"},{"id":7,"identifier":"href"},{"id":8,"identifier":"label"}],"isCustom":false,"left":535,"objIdx":6,"parent":[{"$oid":"66220e6d7f2e4e11c78c8ace"}],"tag":"a","title":"a_NONAME8_lnk","top":782,"url":"https://katalon-demo-cura.herokuapp.com/","val":"93529d41-e36a-4313-8cc7-8bcda77f6dda","width":54,"xpath":"/html/body/footer/div/div/div/ul[2]/li[1]/a;null;/html/body/footer/div/div/div/ul[2]/li[1]/a;null;a[7];null;535;782;18;54;;#;li:nth-child(1) a[href=\"#\"];null;a"},{"_id":{"$oid":"66220e6d7f2e4e11c78c8ae0"},"checked":false,"custname":"a_NONAME9_lnk","height":18,"hiddentag":"No","hide":false,"identifier":[{"id":1,"identifier":"xpath"},{"id":2,"identifier":"id"},{"id":3,"identifier":"rxpath"},{"id":4,"identifier":"name"},{"id":5,"identifier":"classname"},{"id":6,"identifier":"cssselector"},{"id":7,"identifier":"href"},{"id":8,"identifier":"label"}],"isCustom":false,"left":602,"objIdx":7,"parent":[{"$oid":"66220e6d7f2e4e11c78c8ace"}],"tag":"a","title":"a_NONAME9_lnk","top":782,"url":"https://katalon-demo-cura.herokuapp.com/","val":"2c8dba77-0f24-4242-ab07-1b09f5261fba","width":54,"xpath":"/html/body/footer/div/div/div/ul[2]/li[2]/a;null;/html/body/footer/div/div/div/ul[2]/li[2]/a;null;a[8];null;602;782;18;54;;#;li:nth-child(2) a[href=\"#\"];null;a"},{"_id":{"$oid":"66220e6d7f2e4e11c78c8ae1"},"checked":false,"custname":"menu-toggle_lnk","height":45,"hiddentag":"No","hide":false,"identifier":[{"id":1,"identifier":"xpath"},{"id":2,"identifier":"id"},{"id":3,"identifier":"rxpath"},{"id":4,"identifier":"name"},{"id":5,"identifier":"classname"},{"id":6,"identifier":"cssselector"},{"id":7,"identifier":"href"},{"id":8,"identifier":"label"}],"isCustom":false,"left":1210,"objIdx":0,"parent":[{"$oid":"66220e6d7f2e4e11c78c8ace"}],"tag":"a","title":"menu-toggle_lnk","top":5,"url":"https://katalon-demo-cura.herokuapp.com/","val":"80277847-2856-4ce8-b7ae-2912c0ade6a7","width":49,"xpath":"/html/body/a;menu-toggle;//*[@id=\"menu-toggle\"];null;a[0];btn btn-dark btn-lg toggle;1210;5;45;49;;#;a[id=\"menu-toggle\"];null;a"},{"_id":{"$oid":"66220e6d7f2e4e11c78c8ae2"},"checked":false,"custname":"to-top_lnk","height":45,"hiddentag":"No","hide":false,"identifier":[{"id":1,"identifier":"xpath"},{"id":2,"identifier":"id"},{"id":3,"identifier":"rxpath"},{"id":4,"identifier":"name"},{"id":5,"identifier":"classname"},{"id":6,"identifier":"cssselector"},{"id":7,"identifier":"href"},{"id":8,"identifier":"label"}],"isCustom":false,"left":1202,"objIdx":9,"parent":[{"$oid":"66220e6d7f2e4e11c78c8ace"}],"tag":"a","title":"to-top_lnk","top":501,"url":"https://katalon-demo-cura.herokuapp.com/","val":"91a63e6a-1dbc-46cd-b517-d16ae02c3721","width":56,"xpath":"/html/body/footer/a;to-top;//*[@id=\"to-top\"];null;a[10];btn btn-dark btn-lg[2];1202;501;45;56;;#top;a[id=\"to-top\"];null;a"},{"_id":{"$oid":"66220e6d7f2e4e11c78c8ae3"},"custname":"Make Appointment_lnk","fullSS":true,"height":48,"hiddentag":"No","identifier":[{"id":1,"identifier":"xpath"},{"id":2,"identifier":"id"},{"id":3,"identifier":"rxpath"},{"id":4,"identifier":"name"},{"id":5,"identifier":"classname"},{"id":6,"identifier":"cssselector"},{"id":7,"identifier":"href"},{"id":8,"identifier":"label"}],"left":542,"parent":[{"$oid":"66220e6d7f2e4e11c78c8ace"}],"tag":"a","top":299,"url":"https://katalon-demo-cura.herokuapp.com/","viewTop":298.84375,"width":179,"xpath":"/html/body/header/div/a;btn-make-appointment;//div/a;null;a[5];btn btn-dark btn-lg;542;299;48;179;Make Appointment;./profile.php#login;a[id=\"btn-make-appointment\"];null;a"},{"_id":{"$oid":"66220e6d7f2e4e11c78c8ae9"},"checked":false,"custname":"a_NONAME10_lnk","height":18,"hiddentag":"No","hide":false,"identifier":[{"id":1,"identifier":"xpath"},{"id":2,"identifier":"id"},{"id":3,"identifier":"rxpath"},{"id":4,"identifier":"name"},{"id":5,"identifier":"classname"},{"id":6,"identifier":"cssselector"},{"id":7,"identifier":"href"},{"id":8,"identifier":"label"}],"isCustom":false,"left":669,"objIdx":8,"parent":[{"$oid":"66220e6d7f2e4e11c78c8ace"}],"tag":"a","title":"a_NONAME10_lnk","top":782,"url":"https://katalon-demo-cura.herokuapp.com/","val":"69b71d19-1f6e-4afa-870c-82c1ba285258","width":54,"xpath":"/html/body/footer/div/div/div/ul[2]/li[3]/a;null;/html/body/footer/div/div/div/ul[2]/li[3]/a;null;a[9];null;669;782;18;54;;#;li:nth-child(3) a[href=\"#\"];null;a"},{"_id":{"$oid":"66220e6d7f2e4e11c78c8ae4"},"custname":"Login_Username","fullSS":true,"height":34,"hiddentag":"No","identifier":[{"id":1,"identifier":"xpath"},{"id":2,"identifier":"id"},{"id":3,"identifier":"rxpath"},{"id":4,"identifier":"name"},{"id":5,"identifier":"classname"},{"id":6,"identifier":"cssselector"},{"id":7,"identifier":"href"},{"id":8,"identifier":"label"}],"left":549,"parent":[{"$oid":"66220e6d7f2e4e11c78c8acf"}],"reused":false,"tag":"input","top":796,"url":"https://katalon-demo-cura.herokuapp.com/profile.php#login","viewTop":296.72918701171875,"width":360,"xpath":"/html/body/section/div/div/div[2]/form/div[2]/div/input;txt-username;//div[2]/div/input;username;input[2];form-control;549;796;34;360;Username;null;input[id=\"txt-username\"];null;input"},{"_id":{"$oid":"66220e6d7f2e4e11c78c8ae5"},"custname":"Login_Password","fullSS":true,"height":34,"hiddentag":"No","identifier":[{"id":1,"identifier":"xpath"},{"id":2,"identifier":"id"},{"id":3,"identifier":"rxpath"},{"id":4,"identifier":"name"},{"id":5,"identifier":"classname"},{"id":6,"identifier":"cssselector"},{"id":7,"identifier":"href"},{"id":8,"identifier":"label"}],"left":549,"parent":[{"$oid":"66220e6d7f2e4e11c78c8acf"}],"reused":false,"tag":"input","top":845,"url":"https://katalon-demo-cura.herokuapp.com/profile.php#login","viewTop":345.72918701171875,"width":360,"xpath":"/html/body/section/div/div/div[2]/form/div[3]/div/input;txt-password;//div[3]/div/input;password;input[3];form-control;549;845;34;360;Password;null;input[id=\"txt-password\"];null;input"},{"_id":{"$oid":"66220e6d7f2e4e11c78c8ae6"},"custname":"Demo_Username","fullSS":true,"height":34,"hiddentag":"No","identifier":[{"id":1,"identifier":"xpath"},{"id":2,"identifier":"id"},{"id":3,"identifier":"rxpath"},{"id":4,"identifier":"name"},{"id":5,"identifier":"classname"},{"id":6,"identifier":"cssselector"},{"id":7,"identifier":"href"},{"id":8,"identifier":"label"}],"left":593,"parent":[{"$oid":"66220e6d7f2e4e11c78c8acf"}],"reused":false,"tag":"input","top":678,"url":"https://katalon-demo-cura.herokuapp.com/profile.php#login","viewTop":178.0625,"width":300,"xpath":"/html/body/section/div/div/div[2]/form/div[1]/div[1]/div/div/input;null;//div[1]/div/div/input;null;input[0];form-control;593;678;34;300;Username;null;input[value=\"John Doe\"];null;input"},{"_id":{"$oid":"66220e6d7f2e4e11c78c8ae7"},"checked":false,"custname":"Login_btn","height":36,"hiddentag":"No","hide":false,"identifier":[{"id":1,"identifier":"xpath"},{"id":2,"identifier":"id"},{"id":3,"identifier":"rxpath"},{"id":4,"identifier":"name"},{"id":5,"identifier":"classname"},{"id":6,"identifier":"cssselector"},{"id":7,"identifier":"href"},{"id":8,"identifier":"label"}],"isCustom":false,"left":549,"objIdx":4,"parent":[{"$oid":"66220e6d7f2e4e11c78c8acf"}],"tag":"button","tempOrderId":"c05fde03-fe49-413c-af30-973aa2b19557","title":"Login_btn","top":894,"url":"https://katalon-demo-cura.herokuapp.com/profile.php#login","val":"c05fde03-fe49-413c-af30-973aa2b19557","width":60,"xpath":"/html/body/section/div/div/div[2]/form/div[4]/div/button;btn-login;//button;null;button;btn btn-default;549;894;36;60;Login;null;button[id=\"btn-login\"];null;button"},{"_id":{"$oid":"66220e6d7f2e4e11c78c8aea"},"custname":"Demo_Password","fullSS":true,"height":34,"hiddentag":"No","identifier":[{"id":1,"identifier":"xpath"},{"id":2,"identifier":"id"},{"id":3,"identifier":"rxpath"},{"id":4,"identifier":"name"},{"id":5,"identifier":"classname"},{"id":6,"identifier":"cssselector"},{"id":7,"identifier":"href"},{"id":8,"identifier":"label"}],"left":593,"parent":[{"$oid":"66220e6d7f2e4e11c78c8acf"}],"reused":false,"tag":"input","top":727,"url":"https://katalon-demo-cura.herokuapp.com/profile.php#login","viewTop":227.0625,"width":300,"xpath":"/html/body/section/div/div/div[2]/form/div[1]/div[2]/div/div/input;null;//div[2]/div/div/input;null;input[1];form-control;593;727;34;300;Password;null;input[value=\"ThisIsNotAPassword\"];null;input"},{"_id":{"$oid":"66220e6d7f2e4e11c78c8ae8"},"custname":"facility_select","fullSS":true,"height":34,"hiddentag":"No","identifier":[{"id":1,"identifier":"xpath"},{"id":2,"identifier":"id"},{"id":3,"identifier":"rxpath"},{"id":4,"identifier":"name"},{"id":5,"identifier":"classname"},{"id":6,"identifier":"cssselector"},{"id":7,"identifier":"href"},{"id":8,"identifier":"label"}],"left":547,"parent":[{"$oid":"66220e6d7f2e4e11c78c8ad0"}],"tag":"select","top":644,"url":"https://katalon-demo-cura.herokuapp.com/#appointment","viewTop":143.6666717529297,"width":370,"xpath":"/html/body/section/div/div/form/div[1]/div/select;combo_facility;//select;facility;select;form-control;547;644;34;370;Facility;null;select[id=\"combo_facility\"];null;select"},{"_id":{"$oid":"66220e6d7f2e4e11c78c8aeb"},"custname":"hospital_readmission_chkbox","fullSS":true,"height":13,"hiddentag":"No","identifier":[{"id":1,"identifier":"xpath"},{"id":2,"identifier":"id"},{"id":3,"identifier":"rxpath"},{"id":4,"identifier":"name"},{"id":5,"identifier":"classname"},{"id":6,"identifier":"cssselector"},{"id":7,"identifier":"href"},{"id":8,"identifier":"label"}],"left":547,"parent":[{"$oid":"66220e6d7f2e4e11c78c8ad0"}],"tag":"checkbox","top":704,"url":"https://katalon-demo-cura.herokuapp.com/#appointment","viewTop":203.6666717529297,"width":13,"xpath":"/html/body/section/div/div/form/div[2]/div/label/input;chk_hospotal_readmission;//div[2]/div/label/input;hospital_readmission;input[0];AvoAssureCheckboxHighlight;547;704;13;13;\n                             Apply for hospital readmission\n                        ;null;input[id=\"chk_hospotal_readmission\"];null;checkbox"},{"_id":{"$oid":"66220e6d7f2e4e11c78c8aec"},"custname":"programs2_radiobtn","fullSS":true,"height":13,"hiddentag":"No","identifier":[{"id":1,"identifier":"xpath"},{"id":2,"identifier":"id"},{"id":3,"identifier":"rxpath"},{"id":4,"identifier":"name"},{"id":5,"identifier":"classname"},{"id":6,"identifier":"cssselector"},{"id":7,"identifier":"href"},{"id":8,"identifier":"label"}],"left":719,"parent":[{"$oid":"66220e6d7f2e4e11c78c8ad0"}],"tag":"radiobutton","top":746,"url":"https://katalon-demo-cura.herokuapp.com/#appointment","viewTop":245.6666717529297,"width":13,"xpath":"/html/body/section/div/div/form/div[3]/div/label[3]/input;radio_program_none;//label[3]/input;programs[2];input[3];AvoAssureCheckboxHighlight;719;746;13;13;None;null;input[id=\"radio_program_none\"];null;radiobutton"},{"_id":{"$oid":"66220e6d7f2e4e11c78c8aed"},"custname":"programs0_radiobtn","fullSS":true,"height":13,"hiddentag":"No","identifier":[{"id":1,"identifier":"xpath"},{"id":2,"identifier":"id"},{"id":3,"identifier":"rxpath"},{"id":4,"identifier":"name"},{"id":5,"identifier":"classname"},{"id":6,"identifier":"cssselector"},{"id":7,"identifier":"href"},{"id":8,"identifier":"label"}],"left":547,"parent":[{"$oid":"66220e6d7f2e4e11c78c8ad0"}],"tag":"radiobutton","top":746,"url":"https://katalon-demo-cura.herokuapp.com/#appointment","viewTop":245.6666717529297,"width":13,"xpath":"/html/body/section/div/div/form/div[3]/div/label[1]/input;radio_program_medicare;//div[3]/div/label[1]/input;programs[0];input[1];AvoAssureCheckboxHighlight;547;746;13;13;Medicare;null;input[id=\"radio_program_medicare\"];null;radiobutton"},{"_id":{"$oid":"66220e6d7f2e4e11c78c8aee"},"custname":"programs1_radiobtn","fullSS":true,"height":13,"hiddentag":"No","identifier":[{"id":1,"identifier":"xpath"},{"id":2,"identifier":"id"},{"id":3,"identifier":"rxpath"},{"id":4,"identifier":"name"},{"id":5,"identifier":"classname"},{"id":6,"identifier":"cssselector"},{"id":7,"identifier":"href"},{"id":8,"identifier":"label"}],"left":633,"parent":[{"$oid":"66220e6d7f2e4e11c78c8ad0"}],"tag":"radiobutton","top":746,"url":"https://katalon-demo-cura.herokuapp.com/#appointment","viewTop":245.6666717529297,"width":13,"xpath":"/html/body/section/div/div/form/div[3]/div/label[2]/input;radio_program_medicaid;//label[2]/input;programs[1];input[2];AvoAssureCheckboxHighlight;633;746;13;13;Medicaid;null;input[id=\"radio_program_medicaid\"];null;radiobutton"},{"_id":{"$oid":"66220e6d7f2e4e11c78c8aef"},"custname":"div_NONAME14_elmnt","fullSS":true,"height":34,"hiddentag":"No","identifier":[{"id":1,"identifier":"xpath"},{"id":2,"identifier":"id"},{"id":3,"identifier":"rxpath"},{"id":4,"identifier":"name"},{"id":5,"identifier":"classname"},{"id":6,"identifier":"cssselector"},{"id":7,"identifier":"href"},{"id":8,"identifier":"label"}],"left":875,"parent":[{"$oid":"66220e6d7f2e4e11c78c8ad0"}],"tag":"div","top":777,"url":"https://katalon-demo-cura.herokuapp.com/#appointment","viewTop":276.66668701171875,"width":42,"xpath":"/html/body/section/div/div/form/div[4]/div/div/div;null;//div[4]/div/div/div;null;div[13];input-group-addon;875;777;34;42;;null;div[class=\"input-group date\"] div;null;div"},{"_id":{"$oid":"66220e6d7f2e4e11c78c8af0"},"custname":"visit_date_txtbox","fullSS":true,"height":34,"hiddentag":"No","identifier":[{"id":1,"identifier":"xpath"},{"id":2,"identifier":"id"},{"id":3,"identifier":"rxpath"},{"id":4,"identifier":"name"},{"id":5,"identifier":"classname"},{"id":6,"identifier":"cssselector"},{"id":7,"identifier":"href"},{"id":8,"identifier":"label"}],"left":547,"parent":[{"$oid":"66220e6d7f2e4e11c78c8ad0"}],"tag":"input","top":777,"url":"https://katalon-demo-cura.herokuapp.com/#appointment","viewTop":276.66668701171875,"width":331,"xpath":"/html/body/section/div/div/form/div[4]/div/div/input;txt_visit_date;//div/input;visit_date;input[4];form-control;547;777;34;331;dd/mm/yyyy;null;input[id=\"txt_visit_date\"];null;input"},{"_id":{"$oid":"66220e6d7f2e4e11c78c8af1"},"custname":"comment_txtarea","fullSS":true,"height":216,"hiddentag":"No","identifier":[{"id":1,"identifier":"xpath"},{"id":2,"identifier":"id"},{"id":3,"identifier":"rxpath"},{"id":4,"identifier":"name"},{"id":5,"identifier":"classname"},{"id":6,"identifier":"cssselector"},{"id":7,"identifier":"href"},{"id":8,"identifier":"label"}],"left":547,"parent":[{"$oid":"66220e6d7f2e4e11c78c8ad0"}],"tag":"input","top":826,"url":"https://katalon-demo-cura.herokuapp.com/#appointment","viewTop":325.66668701171875,"width":370,"xpath":"/html/body/section/div/div/form/div[5]/div/textarea;txt_comment;//textarea;comment;textarea;form-control;547;826;216;370;Comment;null;textarea[id=\"txt_comment\"];null;input"},{"_id":{"$oid":"66220e6d7f2e4e11c78c8af2"},"custname":"Book Appointment_btn","fullSS":true,"height":36,"hiddentag":"No","identifier":[{"id":1,"identifier":"xpath"},{"id":2,"identifier":"id"},{"id":3,"identifier":"rxpath"},{"id":4,"identifier":"name"},{"id":5,"identifier":"classname"},{"id":6,"identifier":"cssselector"},{"id":7,"identifier":"href"},{"id":8,"identifier":"label"}],"left":547,"parent":[{"$oid":"66220e6d7f2e4e11c78c8ad0"}],"tag":"button","top":1057,"url":"https://katalon-demo-cura.herokuapp.com/#appointment","viewTop":306.66668701171875,"width":139,"xpath":"/html/body/section/div/div/form/div[6]/div/button;btn-book-appointment;//button;null;button;btn btn-default;547;1057;36;139;Book Appointment;null;button[id=\"btn-book-appointment\"];null;button"},{"_id":{"$oid":"66220e6d7f2e4e11c78c8af3"},"custname":"Appointment Confirmation_elmnt","fullSS":true,"height":37,"hiddentag":"No","identifier":[{"id":1,"identifier":"xpath"},{"id":2,"identifier":"id"},{"id":3,"identifier":"rxpath"},{"id":4,"identifier":"name"},{"id":5,"identifier":"classname"},{"id":6,"identifier":"cssselector"},{"id":7,"identifier":"href"},{"id":8,"identifier":"label"}],"left":62,"parent":[{"$oid":"66220e6d7f2e4e11c78c8ad1"}],"tag":"h2","top":570,"url":"https://katalon-demo-cura.herokuapp.com/appointment.php#summary","viewTop":70,"width":1140,"xpath":"/html/body/section/div/div/div[1]/h2;null;//h2;null;h2;;62;570;37;1140;Appointment Confirmation;null;h2;null;h2"},{"_id":{"$oid":"66220e6d7f2e4e11c78c8af4"},"checked":false,"custname":"menu-close_lnk","height":45,"hiddentag":"No","hide":false,"identifier":[{"id":1,"identifier":"xpath"},{"id":2,"identifier":"id"},{"id":3,"identifier":"rxpath"},{"id":4,"identifier":"name"},{"id":5,"identifier":"classname"},{"id":6,"identifier":"cssselector"},{"id":7,"identifier":"href"},{"id":8,"identifier":"label"}],"isCustom":false,"left":1211,"objIdx":1,"parent":[{"$oid":"66220e6d7f2e4e11c78c8ad1"}],"tag":"a","title":"menu-close_lnk","top":5,"url":"https://katalon-demo-cura.herokuapp.com/appointment.php#summary","val":"f00f06a9-d387-4bc1-9a89-91754449cdd8","width":47,"xpath":"/html/body/nav/ul/a;menu-close;//*[@id=\"menu-close\"];null;a[1];btn btn-light btn-lg pull-right toggle;1211;5;45;47;;#;a[id=\"menu-close\"];null;a"},{"_id":{"$oid":"66220e6d7f2e4e11c78c8af5"},"checked":false,"custname":"CURA Healthcare_lnk","height":55,"hiddentag":"No","hide":false,"identifier":[{"id":1,"identifier":"xpath"},{"id":2,"identifier":"id"},{"id":3,"identifier":"rxpath"},{"id":4,"identifier":"name"},{"id":5,"identifier":"classname"},{"id":6,"identifier":"cssselector"},{"id":7,"identifier":"href"},{"id":8,"identifier":"label"}],"isCustom":false,"left":1013,"objIdx":2,"parent":[{"$oid":"66220e6d7f2e4e11c78c8ad1"}],"tag":"a","title":"CURA Healthcare_lnk","top":0,"url":"https://katalon-demo-cura.herokuapp.com/appointment.php#summary","val":"50a2c1a0-60df-4788-b3ce-885c05981195","width":250,"xpath":"/html/body/nav/ul/li[1]/a;null;//*[@id=\"sidebar-wrapper\"]/ul/li[1]/a;null;a[2];null;1013;0;55;250;CURA Healthcare;./;li[class=\"sidebar-brand\"] a[href=\"./\"];null;a"},{"_id":{"$oid":"66220e6d7f2e4e11c78c8af6"},"checked":false,"custname":"menu-toggle_lnk","height":45,"hiddentag":"No","hide":false,"identifier":[{"id":1,"identifier":"xpath"},{"id":2,"identifier":"id"},{"id":3,"identifier":"rxpath"},{"id":4,"identifier":"name"},{"id":5,"identifier":"classname"},{"id":6,"identifier":"cssselector"},{"id":7,"identifier":"href"},{"id":8,"identifier":"label"}],"isCustom":false,"left":1210,"objIdx":0,"parent":[{"$oid":"66220e6d7f2e4e11c78c8ad1"}],"tag":"a","title":"menu-toggle_lnk","top":5,"url":"https://katalon-demo-cura.herokuapp.com/appointment.php#summary","val":"14d5302d-e3f8-477c-af12-39c288fbdd26","width":49,"xpath":"/html/body/a;menu-toggle;//*[@id=\"menu-toggle\"];null;a[0];btn btn-dark btn-lg toggle;1210;5;45;49;;#;a[id=\"menu-toggle\"];null;a"},{"_id":{"$oid":"66220e6d7f2e4e11c78c8af7"},"checked":false,"custname":"Home_lnk","height":40,"hiddentag":"No","hide":false,"identifier":[{"id":1,"identifier":"xpath"},{"id":2,"identifier":"id"},{"id":3,"identifier":"rxpath"},{"id":4,"identifier":"name"},{"id":5,"identifier":"classname"},{"id":6,"identifier":"cssselector"},{"id":7,"identifier":"href"},{"id":8,"identifier":"label"}],"isCustom":false,"left":1013,"objIdx":3,"parent":[{"$oid":"66220e6d7f2e4e11c78c8ad1"}],"tag":"a","title":"Home_lnk","top":55,"url":"https://katalon-demo-cura.herokuapp.com/appointment.php#summary","val":"52b82772-4892-4011-b0bd-d48b884a4e06","width":250,"xpath":"/html/body/nav/ul/li[2]/a;null;//*[@id=\"sidebar-wrapper\"]/ul/li[2]/a;null;a[3];null;1013;55;40;250;Home;./;li:nth-child(3) a[href=\"./\"];null;a"},{"_id":{"$oid":"66220e6d7f2e4e11c78c8af8"},"custname":"Go to Homepage_lnk","fullSS":true,"height":36,"hiddentag":"No","identifier":[{"id":1,"identifier":"xpath"},{"id":2,"identifier":"id"},{"id":3,"identifier":"rxpath"},{"id":4,"identifier":"name"},{"id":5,"identifier":"classname"},{"id":6,"identifier":"cssselector"},{"id":7,"identifier":"href"},{"id":8,"identifier":"label"}],"left":569,"parent":[{"$oid":"66220e6d7f2e4e11c78c8ad1"}],"tag":"a","top":837,"url":"https://katalon-demo-cura.herokuapp.com/appointment.php#summary","viewTop":337.0625,"width":126,"xpath":"/html/body/section/div/div/div[7]/p/a;null;//p/a;null;a[8];btn btn-default;569;837;36;126;Go to Homepage;https://katalon-demo-cura.herokuapp.com/;a[href=\"https://katalon-demo-cura.herokuapp.com/\"];null;a"},{"_id":{"$oid":"66220e6d7f2e4e11c78c8af9"},"checked":false,"custname":"History_lnk","height":40,"hiddentag":"No","hide":false,"identifier":[{"id":1,"identifier":"xpath"},{"id":2,"identifier":"id"},{"id":3,"identifier":"rxpath"},{"id":4,"identifier":"name"},{"id":5,"identifier":"classname"},{"id":6,"identifier":"cssselector"},{"id":7,"identifier":"href"},{"id":8,"identifier":"label"}],"isCustom":false,"left":1013,"objIdx":4,"parent":[{"$oid":"66220e6d7f2e4e11c78c8ad1"}],"tag":"a","title":"History_lnk","top":95,"url":"https://katalon-demo-cura.herokuapp.com/appointment.php#summary","val":"c252a7da-dd6a-4dff-a694-e8509db3538e","width":250,"xpath":"/html/body/nav/ul/li[3]/a;null;//*[@id=\"sidebar-wrapper\"]/ul/li[3]/a;null;a[4];null;1013;95;40;250;History;history.php#history;a[href=\"history.php#history\"];null;a"},{"_id":{"$oid":"66220e6d7f2e4e11c78c8afa"},"custname":"menu-toggle_lnk","fullSS":true,"height":48,"hiddentag":"No","identifier":[{"id":1,"identifier":"xpath"},{"id":2,"identifier":"id"},{"id":3,"identifier":"rxpath"},{"id":4,"identifier":"name"},{"id":5,"identifier":"classname"},{"id":6,"identifier":"cssselector"},{"id":7,"identifier":"href"},{"id":8,"identifier":"label"}],"left":1207,"parent":[{"$oid":"66220e6d7f2e4e11c78c8ad2"}],"tag":"a","top":5,"url":"https://katalon-demo-cura.herokuapp.com/","viewTop":5,"width":51,"xpath":"/html/body/a;menu-toggle;//body/a;null;a[0];btn btn-dark btn-lg toggle;1207;5;48;51;;#;a[id=\"menu-toggle\"];null;a"},{"_id":{"$oid":"66220e6d7f2e4e11c78c8afb"},"custname":"Logout_lnk","fullSS":true,"height":44,"hiddentag":"No","identifier":[{"id":1,"identifier":"xpath"},{"id":2,"identifier":"id"},{"id":3,"identifier":"rxpath"},{"id":4,"identifier":"name"},{"id":5,"identifier":"classname"},{"id":6,"identifier":"cssselector"},{"id":7,"identifier":"href"},{"id":8,"identifier":"label"}],"left":763,"parent":[{"$oid":"66220e6d7f2e4e11c78c8ad2"}],"tag":"a","top":175,"url":"https://katalon-demo-cura.herokuapp.com/","viewTop":175,"width":250,"xpath":"/html/body/nav/ul/li[5]/a;null;//li[5]/a;null;a[6];;763;175;44;250;Logout;authenticate.php?logout;a[href=\"authenticate.php?logout\"];null;a"},{"_id":{"$oid":"66220e6d7f2e4e11c78c8afc"},"checked":false,"custname":"info@katalon.com_lnk","height":18,"hiddentag":"No","hide":false,"identifier":[{"id":1,"identifier":"xpath"},{"id":2,"identifier":"id"},{"id":3,"identifier":"rxpath"},{"id":4,"identifier":"name"},{"id":5,"identifier":"classname"},{"id":6,"identifier":"cssselector"},{"id":7,"identifier":"href"},{"id":8,"identifier":"label"}],"isCustom":false,"left":588,"objIdx":10,"parent":[{"$oid":"66220e6d7f2e4e11c78c8ad2"}],"tag":"a","title":"info@katalon.com_lnk","top":1362,"url":"https://katalon-demo-cura.herokuapp.com/","val":"9e9de8a0-9947-41a6-b4fc-d80e89128822","width":107,"xpath":"/html/body/footer/div/div/div/ul[1]/li[2]/a;null;/html/body/footer/div/div/div/ul[1]/li[2]/a;null;a[8];null;588;1362;18;107;info@katalon.com;mailto:info@katalon.com;a[href=\"mailto:info@katalon.com\"];null;a"},{"_id":{"$oid":"66220e6d7f2e4e11c78c8afd"},"checked":false,"custname":"to-top_lnk","height":45,"hiddentag":"No","hide":false,"identifier":[{"id":1,"identifier":"xpath"},{"id":2,"identifier":"id"},{"id":3,"identifier":"rxpath"},{"id":4,"identifier":"name"},{"id":5,"identifier":"classname"},{"id":6,"identifier":"cssselector"},{"id":7,"identifier":"href"},{"id":8,"identifier":"label"}],"isCustom":false,"left":1202,"objIdx":14,"parent":[{"$oid":"66220e6d7f2e4e11c78c8ad2"}],"tag":"a","title":"to-top_lnk","top":501,"url":"https://katalon-demo-cura.herokuapp.com/","val":"990b3e44-6cf1-4c16-9aa1-a208606ba3af","width":56,"xpath":"/html/body/footer/a;to-top;//*[@id=\"to-top\"];null;a[12];btn btn-dark btn-lg[2];1202;501;45;56;;#top;a[id=\"to-top\"];null;a"},{"_id":{"$oid":"662642926a5ce17987d5b7fc"},"custname":"Make Appointment_lnk","height":48,"hiddentag":"No","left":542,"tag":"a","top":299,"url":"https://katalon-demo-cura.herokuapp.com/","viewTop":298.84375,"width":179,"xpath":"/html/body/header/div/a;btn-make-appointment;//div/a;null;a[5];btn btn-dark btn-lg;542;299;48;179;Make Appointment;./profile.php#login;a[id=\"btn-make-appointment\"];null;a","fullSS":true,"parent":[{"$oid":"662210e3110f0eb2ce6a2fc4"},{"$oid":"6626426d6a5ce17987d5b7fa"}],"identifier":[{"id":1,"identifier":"xpath"},{"id":2,"identifier":"id"},{"id":3,"identifier":"rxpath"},{"id":4,"identifier":"name"},{"id":5,"identifier":"classname"},{"id":6,"identifier":"cssselector"},{"id":7,"identifier":"href"},{"id":8,"identifier":"label"}]},{"_id":{"$oid":"662658a36a5ce17987d5ba47"},"custname":"username_txtbox22","height":34,"hiddentag":"No","left":549,"tag":"input","top":796,"url":"https://katalon-demo-cura.herokuapp.com/profile.php#login","viewTop":296.72918701171875,"width":360,"xpath":"/html/body/section/div/div/div[2]/form/div[2]/div/input;txt-username;//div[2]/div/input;username;input[2];form-control;549;796;34;360;Username;null;input[id=\"txt-username\"];null;input","fullSS":true,"parent":[{"$oid":"662210e3110f0eb2ce6a2fc4"},{"$oid":"6626426d6a5ce17987d5b7fa"}],"identifier":[{"id":1,"identifier":"xpath"},{"id":2,"identifier":"id"},{"id":3,"identifier":"rxpath"},{"id":4,"identifier":"name"},{"id":5,"identifier":"classname"},{"id":6,"identifier":"cssselector"},{"id":7,"identifier":"href"},{"id":8,"identifier":"label"}]},{"_id":{"$oid":"662658a36a5ce17987d5ba48"},"custname":"password_txtbox22","height":34,"hiddentag":"No","left":549,"tag":"input","top":845,"url":"https://katalon-demo-cura.herokuapp.com/profile.php#login","viewTop":345.72918701171875,"width":360,"xpath":"/html/body/section/div/div/div[2]/form/div[3]/div/input;txt-password;//div[3]/div/input;password;input[3];form-control;549;845;34;360;Password;null;input[id=\"txt-password\"];null;input","fullSS":true,"parent":[{"$oid":"662210e3110f0eb2ce6a2fc4"},{"$oid":"6626426d6a5ce17987d5b7fa"}],"identifier":[{"id":1,"identifier":"xpath"},{"id":2,"identifier":"id"},{"id":3,"identifier":"rxpath"},{"id":4,"identifier":"name"},{"id":5,"identifier":"classname"},{"id":6,"identifier":"cssselector"},{"id":7,"identifier":"href"},{"id":8,"identifier":"label"}]},{"_id":{"$oid":"662658a36a5ce17987d5ba49"},"custname":"Login_btn22","height":36,"hiddentag":"No","left":549,"tag":"button","top":894,"url":"https://katalon-demo-cura.herokuapp.com/profile.php#login","viewTop":394.72918701171875,"width":60,"xpath":"/html/body/section/div/div/div[2]/form/div[4]/div/button;btn-login;//button;null;button;btn btn-default;549;894;36;60;Login;null;button[id=\"btn-login\"];null;button","fullSS":true,"parent":[{"$oid":"662210e3110f0eb2ce6a2fc4"},{"$oid":"6626426d6a5ce17987d5b7fa"}],"identifier":[{"id":1,"identifier":"xpath"},{"id":2,"identifier":"id"},{"id":3,"identifier":"rxpath"},{"id":4,"identifier":"name"},{"id":5,"identifier":"classname"},{"id":6,"identifier":"cssselector"},{"id":7,"identifier":"href"},{"id":8,"identifier":"label"}]},{"_id":{"$oid":"662748d46a5ce17987d5bb8b"},"custname":"facility_select","height":34,"hiddentag":"No","left":547,"tag":"select","top":644,"url":"https://katalon-demo-cura.herokuapp.com/#appointment","viewTop":143.6666717529297,"width":370,"xpath":"/html/body/section/div/div/form/div[1]/div/select;combo_facility;//select;facility;select;form-control;547;644;34;370;Facility;null;select[id=\"combo_facility\"];null;select","fullSS":true,"parent":[{"$oid":"66265ddc6a5ce17987d5ba4a"}],"identifier":[{"id":1,"identifier":"xpath"},{"id":2,"identifier":"id"},{"id":3,"identifier":"rxpath"},{"id":4,"identifier":"name"},{"id":5,"identifier":"classname"},{"id":6,"identifier":"cssselector"},{"id":7,"identifier":"href"},{"id":8,"identifier":"label"}]},{"_id":{"$oid":"662748d46a5ce17987d5bb8c"},"custname":"hospital_readmission_chkbox","height":13,"hiddentag":"No","left":547,"tag":"checkbox","top":704,"url":"https://katalon-demo-cura.herokuapp.com/#appointment","viewTop":203.6666717529297,"width":13,"xpath":"/html/body/section/div/div/form/div[2]/div/label/input;chk_hospotal_readmission;//div[2]/div/label/input;hospital_readmission;input[0];AvoAssureCheckboxHighlight;547;704;13;13;\n                             Apply for hospital readmission\n                        ;null;input[id=\"chk_hospotal_readmission\"];null;checkbox","fullSS":true,"parent":[{"$oid":"66265ddc6a5ce17987d5ba4a"}],"identifier":[{"id":1,"identifier":"xpath"},{"id":2,"identifier":"id"},{"id":3,"identifier":"rxpath"},{"id":4,"identifier":"name"},{"id":5,"identifier":"classname"},{"id":6,"identifier":"cssselector"},{"id":7,"identifier":"href"},{"id":8,"identifier":"label"}]},{"_id":{"$oid":"662748d46a5ce17987d5bb8d"},"custname":"programs0_radiobtn","height":13,"hiddentag":"No","left":547,"tag":"radiobutton","top":746,"url":"https://katalon-demo-cura.herokuapp.com/#appointment","viewTop":245.6666717529297,"width":13,"xpath":"/html/body/section/div/div/form/div[3]/div/label[1]/input;radio_program_medicare;//div[3]/div/label[1]/input;programs[0];input[1];AvoAssureCheckboxHighlight;547;746;13;13;Medicare;null;input[id=\"radio_program_medicare\"];null;radiobutton","fullSS":true,"parent":[{"$oid":"66265ddc6a5ce17987d5ba4a"}],"identifier":[{"id":1,"identifier":"xpath"},{"id":2,"identifier":"id"},{"id":3,"identifier":"rxpath"},{"id":4,"identifier":"name"},{"id":5,"identifier":"classname"},{"id":6,"identifier":"cssselector"},{"id":7,"identifier":"href"},{"id":8,"identifier":"label"}]},{"_id":{"$oid":"662748d46a5ce17987d5bb8e"},"custname":"programs1_radiobtn","height":13,"hiddentag":"No","left":633,"tag":"radiobutton","top":746,"url":"https://katalon-demo-cura.herokuapp.com/#appointment","viewTop":245.6666717529297,"width":13,"xpath":"/html/body/section/div/div/form/div[3]/div/label[2]/input;radio_program_medicaid;//label[2]/input;programs[1];input[2];AvoAssureCheckboxHighlight;633;746;13;13;Medicaid;null;input[id=\"radio_program_medicaid\"];null;radiobutton","fullSS":true,"parent":[{"$oid":"66265ddc6a5ce17987d5ba4a"}],"identifier":[{"id":1,"identifier":"xpath"},{"id":2,"identifier":"id"},{"id":3,"identifier":"rxpath"},{"id":4,"identifier":"name"},{"id":5,"identifier":"classname"},{"id":6,"identifier":"cssselector"},{"id":7,"identifier":"href"},{"id":8,"identifier":"label"}]},{"_id":{"$oid":"662748d46a5ce17987d5bb8f"},"custname":"programs2_radiobtn","height":13,"hiddentag":"No","left":719,"tag":"radiobutton","top":746,"url":"https://katalon-demo-cura.herokuapp.com/#appointment","viewTop":245.6666717529297,"width":13,"xpath":"/html/body/section/div/div/form/div[3]/div/label[3]/input;radio_program_none;//label[3]/input;programs[2];input[3];AvoAssureCheckboxHighlight;719;746;13;13;None;null;input[id=\"radio_program_none\"];null;radiobutton","fullSS":true,"parent":[{"$oid":"66265ddc6a5ce17987d5ba4a"}],"identifier":[{"id":1,"identifier":"xpath"},{"id":2,"identifier":"id"},{"id":3,"identifier":"rxpath"},{"id":4,"identifier":"name"},{"id":5,"identifier":"classname"},{"id":6,"identifier":"cssselector"},{"id":7,"identifier":"href"},{"id":8,"identifier":"label"}]},{"_id":{"$oid":"662748d46a5ce17987d5bb90"},"custname":"visit_date_txtbox","height":34,"hiddentag":"No","left":547,"tag":"input","top":777,"url":"https://katalon-demo-cura.herokuapp.com/#appointment","viewTop":276.66668701171875,"width":331,"xpath":"/html/body/section/div/div/form/div[4]/div/div/input;txt_visit_date;//div/input;visit_date;input[4];form-control;547;777;34;331;dd/mm/yyyy;null;input[id=\"txt_visit_date\"];null;input","fullSS":true,"parent":[{"$oid":"66265ddc6a5ce17987d5ba4a"}],"identifier":[{"id":1,"identifier":"xpath"},{"id":2,"identifier":"id"},{"id":3,"identifier":"rxpath"},{"id":4,"identifier":"name"},{"id":5,"identifier":"classname"},{"id":6,"identifier":"cssselector"},{"id":7,"identifier":"href"},{"id":8,"identifier":"label"}]},{"_id":{"$oid":"662748d46a5ce17987d5bb91"},"custname":"comment_txtarea","height":216,"hiddentag":"No","left":547,"tag":"input","top":826,"url":"https://katalon-demo-cura.herokuapp.com/#appointment","viewTop":325.66668701171875,"width":370,"xpath":"/html/body/section/div/div/form/div[5]/div/textarea;txt_comment;//textarea;comment;textarea;form-control;547;826;216;370;Comment;null;textarea[id=\"txt_comment\"];null;input","fullSS":true,"parent":[{"$oid":"66265ddc6a5ce17987d5ba4a"}],"identifier":[{"id":1,"identifier":"xpath"},{"id":2,"identifier":"id"},{"id":3,"identifier":"rxpath"},{"id":4,"identifier":"name"},{"id":5,"identifier":"classname"},{"id":6,"identifier":"cssselector"},{"id":7,"identifier":"href"},{"id":8,"identifier":"label"}]},{"_id":{"$oid":"662748d46a5ce17987d5bb92"},"custname":"Book Appointment_btn","height":36,"hiddentag":"No","left":547,"tag":"button","top":1057,"url":"https://katalon-demo-cura.herokuapp.com/#appointment","viewTop":360.66668701171875,"width":139,"xpath":"/html/body/section/div/div/form/div[6]/div/button;btn-book-appointment;//button;null;button;btn btn-default;547;1057;36;139;Book Appointment;null;button[id=\"btn-book-appointment\"];null;button","fullSS":true,"parent":[{"$oid":"66265ddc6a5ce17987d5ba4a"}],"identifier":[{"id":1,"identifier":"xpath"},{"id":2,"identifier":"id"},{"id":3,"identifier":"rxpath"},{"id":4,"identifier":"name"},{"id":5,"identifier":"classname"},{"id":6,"identifier":"cssselector"},{"id":7,"identifier":"href"},{"id":8,"identifier":"label"}]},{"_id":{"$oid":"66274eec6a5ce17987d5bc46"},"objIdx":0,"val":"94cbfafd-b7b2-4124-a762-f7de1a219273","tag":"a","hide":false,"title":"menu-toggle_lnk","custname":"menu-toggle_lnk","hiddentag":"No","checked":false,"url":"https://katalon-demo-cura.herokuapp.com/#appointment","xpath":"/html/body/a;menu-toggle;//*[@id=\"menu-toggle\"];null;a[0];btn btn-dark btn-lg toggle;1210;5;45;49;;#;a[id=\"menu-toggle\"];null;a","top":5,"left":1210,"height":45,"width":49,"isCustom":false,"parent":[{"$oid":"66265ddc6a5ce17987d5ba4a"},{"$oid":"662748a46a5ce17987d5bb8a"}],"identifier":[{"id":1,"identifier":"xpath"},{"id":2,"identifier":"id"},{"id":3,"identifier":"rxpath"},{"id":4,"identifier":"name"},{"id":5,"identifier":"classname"},{"id":6,"identifier":"cssselector"},{"id":7,"identifier":"href"},{"id":8,"identifier":"label"}]},{"_id":{"$oid":"66274eec6a5ce17987d5bc47"},"objIdx":6,"val":"2ec41c97-c5e9-43c9-9362-65b98a0a8b9c","tag":"a","hide":false,"title":"Logout_lnk","custname":"Logout_lnk","hiddentag":"No","checked":false,"url":"https://katalon-demo-cura.herokuapp.com/#appointment","xpath":"/html/body/nav/ul/li[5]/a;null;//*[@id=\"sidebar-wrapper\"]/ul/li[5]/a;null;a[6];null;1013;175;40;250;Logout;authenticate.php?logout;a[href=\"authenticate.php?logout\"];null;a","top":175,"left":1013,"height":40,"width":250,"isCustom":false,"parent":[{"$oid":"66265ddc6a5ce17987d5ba4a"},{"$oid":"662748a46a5ce17987d5bb8a"}],"identifier":[{"id":1,"identifier":"xpath"},{"id":2,"identifier":"id"},{"id":3,"identifier":"rxpath"},{"id":4,"identifier":"name"},{"id":5,"identifier":"classname"},{"id":6,"identifier":"cssselector"},{"id":7,"identifier":"href"},{"id":8,"identifier":"label"}]}]
