[{"_id":{"$oid":"66220e6d7f2e4e11c78c8ac7"},"createdby":{"$oid":"66027397948660b15a2fb551"},"createdbyrole":{"$oid":"5db0022cf87fdec084ae49ab"},"createdon":{"$date":"2024-04-19T06:25:48.931Z"},"createdthrough":"Web","currentlyinuse":"suma.n01","deleted":false,"modifiedby":{"$oid":"66027397948660b15a2fb551"},"modifiedbyrole":{"$oid":"5db0022cf87fdec084ae49ab"},"modifiedon":{"$date":"2024-04-19T06:25:48.931Z"},"name":"TestSuite_Cura","projectid":{"$oid":"66220e52110f0eb2ce6a2fc3"},"testscenarios":[{"_id":{"$oid":"66220e6d7f2e4e11c78c8aca"},"screens":[{"_id":{"$oid":"66220e6d7f2e4e11c78c8ace"},"testcases":[{"$oid":"66220e6d7f2e4e11c78c8ad5"}]},{"_id":{"$oid":"66220e6d7f2e4e11c78c8acf"},"testcases":[{"$oid":"66220e6d7f2e4e11c78c8ad7"}]},{"_id":{"$oid":"66220e6d7f2e4e11c78c8ad0"},"testcases":[{"$oid":"66220e6d7f2e4e11c78c8ad8"}]},{"_id":{"$oid":"66220e6d7f2e4e11c78c8ad1"},"testcases":[{"$oid":"66220e6d7f2e4e11c78c8ad4"}]},{"_id":{"$oid":"66220e6d7f2e4e11c78c8ad2"},"testcases":[{"$oid":"66220e6d7f2e4e11c78c8ad6"}]},{"_id":{"$oid":"662210e3110f0eb2ce6a2fc4"},"testcases":[{"$oid":"662210e3110f0eb2ce6a2fc5"}]},{"_id":{"$oid":"66265ddc6a5ce17987d5ba4a"},"testcases":[{"$oid":"66265ddc6a5ce17987d5ba4b"}]}],"tag":[],"assigneduser":"suma.n01"}],"type":"basic","versionnumber":0,"appType":"Web"}]
