[{"_id":{"$oid":"66220e6d7f2e4e11c78c8aca"},"createdby":{"$oid":"66027397948660b15a2fb551"},"createdbyrole":{"$oid":"5db0022cf87fdec084ae49ab"},"createdon":{"$date":"2024-04-19T06:25:48.931Z"},"deleted":false,"modifiedby":{"$oid":"66027397948660b15a2fb551"},"modifiedbyrole":{"$oid":"5db0022cf87fdec084ae49ab"},"modifiedon":{"$date":"2024-04-19T06:25:48.931Z"},"name":"TestCase_1_Impact_Analysis_LengthierName_Impact","parent":[{"$oid":"66220e6d7f2e4e11c78c8ac7"}],"projectid":{"$oid":"66220e52110f0eb2ce6a2fc3"},"testcaseids":[{"$oid":"66220e6d7f2e4e11c78c8ad5"},{"$oid":"66220e6d7f2e4e11c78c8ad7"},{"$oid":"66220e6d7f2e4e11c78c8ad8"},{"$oid":"66220e6d7f2e4e11c78c8ad4"},{"$oid":"66220e6d7f2e4e11c78c8ad6"},{"$oid":"662210e3110f0eb2ce6a2fc5"},{"$oid":"66265ddc6a5ce17987d5ba4b"}],"versionnumber":0,"modifedon":{"$date":"2024-04-23T07:00:50.551Z"}}]
