[{"_id":{"$oid":"66220e6d7f2e4e11c78c8ad5"},"createdby":{"$oid":"66027397948660b15a2fb551"},"createdbyrole":{"$oid":"5db0022cf87fdec084ae49ab"},"createdon":{"$date":"2024-04-19T06:25:48.931Z"},"datatables":["Impact_Cura"],"deleted":false,"modifiedby":{"$oid":"66027397948660b15a2fb551"},"modifiedbyrole":{"$oid":"5db0022cf87fdec084ae49ab"},"modifiedon":{"$date":"2024-04-23T05:47:00.396Z"},"name":"TestSteps_1","parent":1,"screenid":{"$oid":"66220e6d7f2e4e11c78c8ace"},"steps":[{"stepNo":1,"custname":"@Browser","keywordVal":"openBrowser","inputVal":[""],"outputVal":"","appType":"Web","remarks":"","addDetails":"","cord":"","code":"","language":""},{"stepNo":2,"custname":"@Generic","keywordVal":"getParam","inputVal":["avoassure/Impact_Cura;;2"],"outputVal":"","appType":"Generic","remarks":"","addDetails":"","cord":"","code":"","language":""},{"stepNo":3,"custname":"@Generic","keywordVal":"startLoop","inputVal":[""],"outputVal":"","appType":"Generic","remarks":"","addDetails":"","cord":"","code":"","language":""},{"stepNo":4,"custname":"@Browser","keywordVal":"navigateToURL","inputVal":["|URL|"],"outputVal":"","appType":"Web","remarks":"","addDetails":"","cord":"","code":"","language":""},{"stepNo":5,"custname":{"$oid":"66220e6d7f2e4e11c78c8ae3"},"keywordVal":"click","inputVal":[""],"outputVal":"","appType":"Web","remarks":"","addDetails":"","cord":"","code":"","language":""},{"stepNo":6,"custname":"@Generic","keywordVal":"endLoop","inputVal":[""],"outputVal":"","appType":"Generic","remarks":"","addDetails":"","cord":"","code":"","language":""}],"versionnumber":0},{"_id":{"$oid":"66220e6d7f2e4e11c78c8ad7"},"createdby":{"$oid":"66027397948660b15a2fb551"},"createdbyrole":{"$oid":"5db0022cf87fdec084ae49ab"},"createdon":{"$date":"2024-04-19T06:25:48.931Z"},"datatables":["Impact_Cura"],"deleted":false,"modifiedby":{"$oid":"66027397948660b15a2fb551"},"modifiedbyrole":{"$oid":"5db0022cf87fdec084ae49ab"},"modifiedon":{"$date":"2024-04-23T05:47:16.487Z"},"name":"TestSteps_2","parent":1,"screenid":{"$oid":"66220e6d7f2e4e11c78c8acf"},"steps":[{"stepNo":1,"custname":{"$oid":"66220e6d7f2e4e11c78c8ae6"},"keywordVal":"getText","inputVal":[""],"outputVal":"{Username}","appType":"Web","remarks":"","addDetails":"","cord":"","code":"","language":""},{"stepNo":2,"custname":"@Generic","keywordVal":"getParam","inputVal":["avoassure/Impact_Cura;;2"],"outputVal":"","appType":"Generic","remarks":"","addDetails":"","cord":"","code":"","language":""},{"stepNo":3,"custname":"@Generic","keywordVal":"startLoop","inputVal":[""],"outputVal":"","appType":"Generic","remarks":"","addDetails":"","cord":"","code":"","language":""},{"stepNo":4,"custname":"@Generic","keywordVal":"displayVariableValue","inputVal":["{Username}"],"outputVal":"","appType":"Generic","remarks":"","addDetails":"","cord":"","code":"","language":""},{"stepNo":5,"custname":{"$oid":"66220e6d7f2e4e11c78c8aea"},"keywordVal":"getText","inputVal":[""],"outputVal":"{Password}","appType":"Web","remarks":"","addDetails":"","cord":"","code":"","language":""},{"stepNo":6,"custname":"@Generic","keywordVal":"displayVariableValue","inputVal":["{Password}"],"outputVal":"","appType":"Generic","remarks":"","addDetails":"","cord":"","code":"","language":""},{"stepNo":7,"custname":{"$oid":"66220e6d7f2e4e11c78c8ae4"},"keywordVal":"setText","inputVal":["|Username|"],"outputVal":"","appType":"Web","remarks":"","addDetails":"","cord":"","code":"","language":""},{"stepNo":8,"custname":{"$oid":"66220e6d7f2e4e11c78c8ae5"},"keywordVal":"setText","inputVal":["|Password|"],"outputVal":"","appType":"Web","remarks":"","addDetails":"","cord":"","code":"","language":""},{"stepNo":9,"custname":{"$oid":"66220e6d7f2e4e11c78c8ae7"},"keywordVal":"click","inputVal":[""],"outputVal":"","appType":"Web","remarks":"","addDetails":"","cord":"","code":"","language":""},{"stepNo":10,"custname":"@Generic","keywordVal":"endLoop","inputVal":[""],"outputVal":"","appType":"Generic","remarks":"","addDetails":"","cord":"","code":"","language":""}],"versionnumber":0},{"_id":{"$oid":"66220e6d7f2e4e11c78c8ad8"},"createdby":{"$oid":"66027397948660b15a2fb551"},"createdbyrole":{"$oid":"5db0022cf87fdec084ae49ab"},"createdon":{"$date":"2024-04-19T06:25:48.931Z"},"datatables":["Impact_Cura"],"deleted":false,"modifiedby":{"$oid":"66027397948660b15a2fb551"},"modifiedbyrole":{"$oid":"5db0022cf87fdec084ae49ab"},"modifiedon":{"$date":"2024-04-23T05:47:31.842Z"},"name":"TestSteps_3","parent":1,"screenid":{"$oid":"66220e6d7f2e4e11c78c8ad0"},"steps":[{"stepNo":1,"custname":"@Generic","keywordVal":"getParam","inputVal":["avoassure/Impact_Cura;;2"],"outputVal":"","appType":"Generic","remarks":"","addDetails":"","cord":"","code":"","language":""},{"stepNo":2,"custname":"@Generic","keywordVal":"startLoop","inputVal":[""],"outputVal":"","appType":"Generic","remarks":"","addDetails":"","cord":"","code":"","language":""},{"stepNo":3,"custname":{"$oid":"66220e6d7f2e4e11c78c8ae8"},"keywordVal":"selectValueByIndex","inputVal":["|FACILITY|"],"outputVal":"","appType":"Web","remarks":"","addDetails":"","cord":"","code":"","language":""},{"stepNo":4,"custname":{"$oid":"66220e6d7f2e4e11c78c8ae8"},"keywordVal":"getValueByIndex","inputVal":["1"],"outputVal":"{facility}","appType":"Web","remarks":"","addDetails":"","cord":"","code":"","language":""},{"stepNo":5,"custname":"@Generic","keywordVal":"displayVariableValue","inputVal":["{facility}"],"outputVal":"","appType":"Generic","remarks":"","addDetails":"","cord":"","code":"","language":""},{"stepNo":6,"custname":{"$oid":"66220e6d7f2e4e11c78c8aeb"},"keywordVal":"selectCheckbox","inputVal":[""],"outputVal":"","appType":"Web","remarks":"","addDetails":"","cord":"","code":"","language":""},{"stepNo":7,"custname":{"$oid":"66220e6d7f2e4e11c78c8aeb"},"keywordVal":"unselectCheckbox","inputVal":[""],"outputVal":"","appType":"Web","remarks":"","addDetails":"","cord":"","code":"","language":""},{"stepNo":8,"custname":{"$oid":"66220e6d7f2e4e11c78c8aed"},"keywordVal":"selectRadioButton","inputVal":[""],"outputVal":"","appType":"Web","remarks":"","addDetails":"","cord":"","code":"","language":""},{"stepNo":9,"custname":{"$oid":"66220e6d7f2e4e11c78c8af0"},"keywordVal":"setText","inputVal":["|VISIT DATE|"],"outputVal":"","appType":"Web","remarks":"","addDetails":"","cord":"","code":"","language":""},{"stepNo":10,"custname":{"$oid":"66220e6d7f2e4e11c78c8af1"},"keywordVal":"setText","inputVal":["|COMMENT|"],"outputVal":"","appType":"Web","remarks":"","addDetails":"","cord":"","code":"","language":""},{"stepNo":11,"custname":{"$oid":"66220e6d7f2e4e11c78c8af2"},"keywordVal":"click","inputVal":[""],"outputVal":"","appType":"Web","remarks":"","addDetails":"","cord":"","code":"","language":""},{"stepNo":12,"custname":"@Generic","keywordVal":"endLoop","inputVal":[""],"outputVal":"","appType":"Generic","remarks":"","addDetails":"","cord":"","code":"","language":""}],"versionnumber":0},{"_id":{"$oid":"66220e6d7f2e4e11c78c8ad4"},"createdby":{"$oid":"66027397948660b15a2fb551"},"createdbyrole":{"$oid":"5db0022cf87fdec084ae49ab"},"createdon":{"$date":"2024-04-19T06:25:48.931Z"},"datatables":[],"deleted":false,"modifiedby":{"$oid":"66027397948660b15a2fb551"},"modifiedbyrole":{"$oid":"5db0022cf87fdec084ae49ab"},"modifiedon":{"$date":"2024-04-19T06:25:48.931Z"},"name":"TestSteps_4","parent":1,"screenid":{"$oid":"66220e6d7f2e4e11c78c8ad1"},"steps":[{"stepNo":1,"custname":{"$oid":"66220e6d7f2e4e11c78c8af3"},"keywordVal":"verifyVisible","inputVal":[""],"outputVal":"","appType":"Web","remarks":"","addDetails":"","cord":"","code":"","language":""},{"stepNo":2,"custname":{"$oid":"66220e6d7f2e4e11c78c8af8"},"keywordVal":"click","inputVal":[""],"outputVal":"","appType":"Web","remarks":"","addDetails":"","cord":"","code":"","language":""}],"versionnumber":0},{"_id":{"$oid":"66220e6d7f2e4e11c78c8ad6"},"createdby":{"$oid":"66027397948660b15a2fb551"},"createdbyrole":{"$oid":"5db0022cf87fdec084ae49ab"},"createdon":{"$date":"2024-04-19T06:25:48.931Z"},"datatables":[],"deleted":false,"modifiedby":{"$oid":"66027397948660b15a2fb551"},"modifiedbyrole":{"$oid":"5db0022cf87fdec084ae49ab"},"modifiedon":{"$date":"2024-04-19T06:25:48.931Z"},"name":"TestSteps_5","parent":1,"screenid":{"$oid":"66220e6d7f2e4e11c78c8ad2"},"steps":[{"stepNo":1,"custname":{"$oid":"66220e6d7f2e4e11c78c8afa"},"keywordVal":"click","inputVal":[""],"outputVal":"","appType":"Web","remarks":"","addDetails":"","cord":"","code":"","language":""},{"stepNo":2,"custname":{"$oid":"66220e6d7f2e4e11c78c8afb"},"keywordVal":"click","inputVal":[""],"outputVal":"","appType":"Web","remarks":"","addDetails":"","cord":"","code":"","language":""}],"versionnumber":0},{"_id":{"$oid":"662210e3110f0eb2ce6a2fc5"},"screenid":{"$oid":"662210e3110f0eb2ce6a2fc4"},"name":"TestSteps_6","versionnumber":0,"createdby":{"$oid":"66027397948660b15a2fb551"},"createdbyrole":{"$oid":"5db0022cf87fdec084ae49ab"},"createdon":{"$date":"2024-04-19T06:36:19.179Z"},"modifiedby":{"$oid":"66027397948660b15a2fb551"},"modifiedbyrole":{"$oid":"5db0022cf87fdec084ae49ab"},"modifiedon":{"$date":"2024-04-23T05:48:03.845Z"},"steps":[{"stepNo":1,"custname":{"$oid":"662642926a5ce17987d5b7fc"},"keywordVal":"click","inputVal":[""],"outputVal":"","appType":"Web","remarks":"","addDetails":"","cord":"","code":"","language":""},{"stepNo":2,"custname":"@Generic","keywordVal":"getParam","inputVal":["avoassure/Impact_Cura;;2"],"outputVal":"","appType":"Generic","remarks":"","addDetails":"","cord":"","code":"","language":""},{"stepNo":3,"custname":"@Generic","keywordVal":"startLoop","inputVal":[""],"outputVal":"","appType":"Generic","remarks":"","addDetails":"","cord":"","code":"","language":""},{"stepNo":4,"custname":{"$oid":"662658a36a5ce17987d5ba47"},"keywordVal":"setText","inputVal":["|Username|"],"outputVal":"","appType":"Web","remarks":"","addDetails":"","cord":"","code":"","language":""},{"stepNo":5,"custname":{"$oid":"662658a36a5ce17987d5ba48"},"keywordVal":"setText","inputVal":["|Password|"],"outputVal":"","appType":"Web","remarks":"","addDetails":"","cord":"","code":"","language":""},{"stepNo":6,"custname":{"$oid":"662658a36a5ce17987d5ba49"},"keywordVal":"click","inputVal":[""],"outputVal":"","appType":"Web","remarks":"","addDetails":"","cord":"","code":"","language":""},{"stepNo":7,"custname":"@Generic","keywordVal":"endLoop","inputVal":[""],"outputVal":"","appType":"Generic","remarks":"","addDetails":"","cord":"","code":"","language":""}],"parent":1,"deleted":false,"datatables":["Impact_Cura"]},{"_id":{"$oid":"66265ddc6a5ce17987d5ba4b"},"screenid":{"$oid":"66265ddc6a5ce17987d5ba4a"},"name":"TestSteps_7","versionnumber":0,"createdby":{"$oid":"66027397948660b15a2fb551"},"createdbyrole":{"$oid":"5db0022cf87fdec084ae49ab"},"createdon":{"$date":"2024-04-22T12:53:48.356Z"},"modifiedby":{"$oid":"66027397948660b15a2fb551"},"modifiedbyrole":{"$oid":"5db0022cf87fdec084ae49ab"},"modifiedon":{"$date":"2024-04-23T06:02:21.093Z"},"steps":[{"stepNo":1,"custname":{"$oid":"662748d46a5ce17987d5bb8b"},"keywordVal":"selectValueByIndex","inputVal":["|FACILITY2|"],"outputVal":"","appType":"Web","remarks":"","addDetails":"","cord":"","code":"","language":""},{"stepNo":2,"custname":"@Generic","keywordVal":"getParam","inputVal":["avoassure/Impact_Cura;;2"],"outputVal":"","appType":"Generic","remarks":"","addDetails":"","cord":"","code":"","language":""},{"stepNo":3,"custname":"@Generic","keywordVal":"startLoop","inputVal":[""],"outputVal":"","appType":"Generic","remarks":"","addDetails":"","cord":"","code":"","language":""},{"stepNo":4,"custname":{"$oid":"662748d46a5ce17987d5bb8c"},"keywordVal":"selectCheckbox","inputVal":[""],"outputVal":"","appType":"Web","remarks":"","addDetails":"","cord":"","code":"","language":""},{"stepNo":5,"custname":{"$oid":"662748d46a5ce17987d5bb8e"},"keywordVal":"selectRadioButton","inputVal":[""],"outputVal":"","appType":"Web","remarks":"","addDetails":"","cord":"","code":"","language":""},{"stepNo":6,"custname":{"$oid":"662748d46a5ce17987d5bb90"},"keywordVal":"setText","inputVal":["|VISIT DATE2|"],"outputVal":"","appType":"Web","remarks":"","addDetails":"","cord":"","code":"","language":""},{"stepNo":7,"custname":{"$oid":"662748d46a5ce17987d5bb91"},"keywordVal":"setText","inputVal":["|COMMENT2|"],"outputVal":"","appType":"Web","remarks":"","addDetails":"","cord":"","code":"","language":""},{"stepNo":8,"custname":{"$oid":"662748d46a5ce17987d5bb92"},"keywordVal":"click","inputVal":[""],"outputVal":"","appType":"Web","remarks":"","addDetails":"","cord":"","code":"","language":""},{"stepNo":9,"custname":"@Generic","keywordVal":"endLoop","inputVal":[""],"outputVal":"","appType":"Generic","remarks":"","addDetails":"","cord":"","code":"","language":""},{"stepNo":10,"custname":{"$oid":"66274eec6a5ce17987d5bc46"},"keywordVal":"click","inputVal":[""],"outputVal":"","appType":"Web","remarks":"","addDetails":"","cord":"","code":"","language":""},{"stepNo":11,"custname":{"$oid":"66274eec6a5ce17987d5bc47"},"keywordVal":"click","inputVal":[""],"outputVal":"","appType":"Web","remarks":"","addDetails":"","cord":"","code":"","language":""}],"parent":1,"deleted":false,"datatables":["Impact_Cura"]}]
